Processes,IO,Communication,Computation
1
2,1.41836,3.92764,9.19817
3,1.15225,5.20448,6.78105
4,1.19505,5.18732,5.16472
